{"cameraMode":{"drawMode":0,"name":"Shaded","section":"Shading Mode"},"sceneLighting":true,"audioPlay":false,"sceneViewState":{"m_AlwaysRefresh":false,"showFog":true,"showSkybox":true,"showFlares":true,"showImageEffects":true,"showParticleSystems":true,"showVisualEffectGraphs":true,"m_FxEnabled":true},"in2DMode":false,"pivot":{"x":-4.193638801574707,"y":2.9661104679107668,"z":-4.990173816680908},"rotation":{"x":-0.3117540776729584,"y":-0.08338002115488053,"z":0.027474749833345414,"w":-0.9461011290550232},"size":13.030281066894532,"orthographic":false}