{"cameraMode":{"drawMode":0,"name":"Shaded","section":"Shading Mode"},"sceneLighting":true,"audioPlay":false,"sceneViewState":{"m_AlwaysRefresh":false,"showFog":true,"showSkybox":true,"showFlares":true,"showImageEffects":true,"showParticleSystems":true,"showVisualEffectGraphs":true,"m_FxEnabled":true},"in2DMode":false,"pivot":{"x":-2.2691311836242677,"y":3.1931135654449465,"z":-7.080942153930664},"rotation":{"x":-0.2506284713745117,"y":-0.05891565605998039,"z":0.015282665379345417,"w":-0.9661708474159241},"size":0.4330126941204071,"orthographic":false}