{"cameraMode":{"drawMode":0,"name":"Shaded","section":"Shading Mode"},"sceneLighting":true,"audioPlay":false,"sceneViewState":{"m_AlwaysRefresh":false,"showFog":true,"showSkybox":true,"showFlares":true,"showImageEffects":true,"showParticleSystems":true,"showVisualEffectGraphs":true,"m_FxEnabled":true},"in2DMode":false,"pivot":{"x":23.75958251953125,"y":-457.362060546875,"z":140.49252319335938},"rotation":{"x":0.6216124892234802,"y":-0.012222501449286938,"z":0.009260587394237519,"w":0.7833056449890137},"size":252.30328369140626,"orthographic":false}