{"cameraMode":{"drawMode":0,"name":"Shaded","section":"Shading Mode"},"sceneLighting":false,"audioPlay":false,"sceneViewState":{"m_AlwaysRefresh":false,"showFog":true,"showSkybox":false,"showFlares":true,"showImageEffects":true,"showParticleSystems":true,"showVisualEffectGraphs":true,"m_FxEnabled":true},"in2DMode":false,"pivot":{"x":421.5242614746094,"y":71.34941101074219,"z":-67.64935302734375},"rotation":{"x":0.04618337005376816,"y":-0.005087300669401884,"z":-0.000018374879800830968,"w":-0.9990512728691101},"size":59.4676628112793,"orthographic":false}