{"cameraMode":{"drawMode":0,"name":"Shaded","section":"Shading Mode"},"sceneLighting":true,"audioPlay":false,"sceneViewState":{"m_AlwaysRefresh":false,"showFog":true,"showSkybox":true,"showFlares":true,"showImageEffects":true,"showParticleSystems":true,"showVisualEffectGraphs":true,"m_FxEnabled":true},"in2DMode":false,"pivot":{"x":1.427961826324463,"y":-2.4872114658355715,"z":-3.036961555480957},"rotation":{"x":0.010099402628839016,"y":0.915208101272583,"z":-0.4024587571620941,"w":0.021492743864655496},"size":17.397640228271486,"orthographic":false}