{"cameraMode":{"drawMode":0,"name":"Shaded","section":"Shading Mode"},"sceneLighting":true,"audioPlay":false,"sceneViewState":{"m_AlwaysRefresh":false,"showFog":true,"showSkybox":true,"showFlares":true,"showImageEffects":true,"showParticleSystems":true,"showVisualEffectGraphs":true,"m_FxEnabled":true},"in2DMode":false,"pivot":{"x":-2.1324362754821779,"y":6.749924659729004,"z":-8.035930633544922},"rotation":{"x":-0.08319781720638275,"y":-0.13267746567726136,"z":0.010925252921879292,"w":-0.9876789450645447},"size":0.3247448801994324,"orthographic":false}