{"cameraMode":{"drawMode":0,"name":"Shaded","section":"Shading Mode"},"sceneLighting":true,"audioPlay":false,"sceneViewState":{"m_AlwaysRefresh":false,"showFog":true,"showSkybox":true,"showFlares":true,"showImageEffects":true,"showParticleSystems":true,"showVisualEffectGraphs":true,"m_FxEnabled":true},"in2DMode":false,"pivot":{"x":-9.279369354248047,"y":-143.45681762695313,"z":212.34085083007813},"rotation":{"x":-0.3012482225894928,"y":0.09122011065483093,"z":-0.030330568552017213,"w":-0.9490000009536743},"size":138.9916229248047,"orthographic":false}