{"cameraMode":{"drawMode":0,"name":"Shaded","section":"Shading Mode"},"sceneLighting":false,"audioPlay":false,"sceneViewState":{"m_AlwaysRefresh":false,"showFog":true,"showSkybox":false,"showFlares":true,"showImageEffects":true,"showParticleSystems":true,"showVisualEffectGraphs":true,"m_FxEnabled":true},"in2DMode":false,"pivot":{"x":-0.9780144095420837,"y":0.10053086280822754,"z":-1.2500218152999879},"rotation":{"x":0.20180100202560426,"y":0.2981659173965454,"z":-0.0640236884355545,"w":0.9308379292488098},"size":2.0660252571105959,"orthographic":false}