{"cameraMode":{"drawMode":0,"name":"Shaded","section":"Shading Mode"},"sceneLighting":false,"audioPlay":false,"sceneViewState":{"m_AlwaysRefresh":false,"showFog":true,"showSkybox":false,"showFlares":true,"showImageEffects":true,"showParticleSystems":true,"showVisualEffectGraphs":true,"m_FxEnabled":true},"in2DMode":false,"pivot":{"x":-0.596799373626709,"y":-0.051337361335754397,"z":-1.2606639862060547},"rotation":{"x":0.20380239188671113,"y":0.30911555886268618,"z":-0.06735806167125702,"w":0.9265836477279663},"size":2.0660252571105959,"orthographic":false}