{"cameraMode":{"drawMode":0,"name":"Shaded","section":"Shading Mode"},"sceneLighting":false,"audioPlay":false,"sceneViewState":{"m_AlwaysRefresh":false,"showFog":true,"showSkybox":false,"showFlares":true,"showImageEffects":true,"showParticleSystems":true,"showVisualEffectGraphs":true,"m_FxEnabled":true},"in2DMode":false,"pivot":{"x":0.1742197871208191,"y":0.7695974111557007,"z":0.5716454982757568},"rotation":{"x":-0.25799450278282168,"y":-0.10563111305236817,"z":0.028118832036852838,"w":-0.9600326418876648},"size":1.8273135423660279,"orthographic":false}