{"cameraMode":{"drawMode":0,"name":"Shaded","section":"Shading Mode"},"sceneLighting":false,"audioPlay":false,"sceneViewState":{"m_AlwaysRefresh":false,"showFog":true,"showSkybox":false,"showFlares":true,"showImageEffects":true,"showParticleSystems":true,"showVisualEffectGraphs":true,"m_FxEnabled":true},"in2DMode":false,"pivot":{"x":0.6590323448181152,"y":0.12260770797729492,"z":0.6726970672607422},"rotation":{"x":-0.36204028129577639,"y":-0.18157880008220673,"z":0.07183685898780823,"w":-0.9115749001502991},"size":2.3810501098632814,"orthographic":false}